{
    "beacon":0.7250633106898714,
    "csp_report":  0.14710908623827326,
    "font":  0.02844453291927862,
    "image":  0.28817272004039474,
    "imageset":  0.01399596958681569,
    "main_frame":  0.028039443988278363,
    "media":  0.09270776103228726,
    "object":  0.05553159093067389,
    "other":  0.006544909691166581,
    "script":  0.41232147798890084,
    "stylesheet":  0.047682399280494336,
    "sub_frame":  0.746867189680146,
    "websocket":  0.19912323510320315,
    "xmlhttprequest":  0.534790174356893
}